55541;Mon, 22 Jan 2018
95499;Thu, 10 Oct 2019
111294;Thu, 17 Mar 2022
99936;Mon, 22 Mar 2021
108643;Thu, 04 Nov 2021
105061;Mon, 06 Sep 2021
89768;Tue, 05 Oct 2021
101133;Fri, 11 Jun 2021
59258;Wed, 08 Jun 2016
80437;Thu, 26 Apr 2018
103232;Wed, 04 Aug 2021
58446;Mon, 16 May 2016
111656;Mon, 21 Mar 2022
70170;Thu, 25 May 2017
97031;Fri, 18 Dec 2020
69941;Fri, 26 May 2017
91062;Fri, 31 May 2019
98097;Thu, 20 Aug 2020
58908;Sat, 28 May 2016
88429;Mon, 11 Feb 2019
64749;Mon, 14 Dec 2020
49624;Thu, 28 May 2015
101354;Wed, 23 Jun 2021
98766;Sun, 03 Jan 2021
73290;Fri, 28 Jul 2017
106100;Tue, 28 Sep 2021
98116;Tue, 25 Aug 2020
99757;Fri, 12 Mar 2021
100565;Fri, 28 May 2021
77603;Mon, 11 Dec 2017
100285;Mon, 26 Apr 2021
68591;Wed, 12 Apr 2017
107517;Fri, 08 Oct 2021
105903;Wed, 15 Sep 2021
99716;Thu, 04 Mar 2021
95823;Thu, 10 Oct 2019
50870;Fri, 07 Aug 2015
98567;Fri, 18 Dec 2020
55391;Mon, 19 Oct 2015
103001;Thu, 29 Jul 2021
60859;Fri, 09 Jun 2017
101121;Wed, 16 Jun 2021
66968;Thu, 23 Feb 2017
103593;Fri, 24 Sep 2021
108770;Mon, 01 Nov 2021
80772;Tue, 19 Mar 2019
100080;Tue, 13 Apr 2021
74278;Fri, 04 May 2018
86382;Mon, 08 Oct 2018
69733;Tue, 16 May 2017
71194;Tue, 13 Jun 2017
83477;Thu, 28 Jun 2018
99116;Mon, 11 Jan 2021
84554;Thu, 19 Jul 2018
106981;Wed, 06 Oct 2021
90446;Thu, 16 May 2019
99681;Thu, 04 Mar 2021
98991;Thu, 04 Mar 2021
76286;Tue, 15 May 2018
100392;Wed, 26 May 2021
59464;Tue, 07 Jun 2016
100608;Mon, 24 May 2021
73506;Mon, 24 Jul 2017
48359;Mon, 04 Dec 2017
107329;Thu, 07 Oct 2021
100079;Thu, 08 Apr 2021
101684;Thu, 01 Jul 2021
101052;Wed, 23 Jun 2021
100781;Tue, 29 Jun 2021
63540;Wed, 05 Oct 2016
99624;Sat, 06 Mar 2021
60413;Mon, 04 Jul 2016
98593;Fri, 18 Dec 2020
79192;Mon, 26 Mar 2018
56691;Sat, 04 Jun 2016
62348;Fri, 23 Sep 2016
98296;Wed, 23 Sep 2020
94771;Thu, 05 Sep 2019
98898;Mon, 04 Jan 2021
63638;Mon, 03 Oct 2016
81861;Tue, 29 May 2018
96099;Mon, 04 Nov 2019
107512;Fri, 22 Oct 2021
58272;Thu, 12 May 2016
67683;Tue, 14 Mar 2017
97644;Wed, 04 Mar 2020
80769;Fri, 11 May 2018
55569;Fri, 06 Nov 2015
98358;Thu, 08 Oct 2020
67962;Fri, 21 Apr 2017
51006;Tue, 14 Jun 2016
110780;Thu, 24 Feb 2022
79214;Tue, 27 Mar 2018
60597;Wed, 29 Jun 2016
64915;Thu, 01 Dec 2016
81078;Tue, 15 May 2018
59466;Wed, 08 Jun 2016
99107;Wed, 13 Jan 2021
108860;Thu, 04 Nov 2021
68329;Tue, 04 Apr 2017
82894;Sun, 17 Jun 2018
70272;Fri, 26 May 2017
92097;Tue, 18 Jun 2019
90837;Sun, 26 May 2019
99712;Tue, 23 Mar 2021
100258;Mon, 26 Apr 2021
99010;Wed, 13 Jan 2021
99983;Mon, 29 Mar 2021
95327;Tue, 01 Oct 2019
111639;Mon, 21 Mar 2022
65653;Tue, 17 Jan 2017
78582;Fri, 29 Jun 2018
62178;Fri, 28 Oct 2016
76884;Thu, 19 Oct 2017
59151;Wed, 01 Jun 2016
86588;Tue, 09 Oct 2018
65814;Thu, 19 Jan 2017
65031;Wed, 07 Dec 2016
50590;Sat, 29 Apr 2017
107282;Wed, 06 Oct 2021
101596;Thu, 24 Jun 2021
63936;Mon, 07 Nov 2016
69219;Mon, 01 May 2017
56390;Fri, 22 Jan 2016
58289;Thu, 12 May 2016
98350;Thu, 01 Oct 2020
63824;Mon, 10 Oct 2016
81803;Mon, 28 May 2018
81076;Fri, 18 May 2018
98848;Wed, 03 Feb 2021
43418;Wed, 24 Sep 2014
81159;Fri, 25 May 2018
89591;Thu, 16 May 2019
73610;Thu, 27 Jul 2017
64075;Wed, 26 Oct 2016
98419;Mon, 26 Oct 2020
52543;Fri, 24 Jul 2015
80354;Tue, 01 May 2018
62210;Fri, 12 Aug 2016
67116;Mon, 27 Feb 2017
80738;Mon, 07 May 2018
78901;Fri, 16 Mar 2018
106867;Sat, 09 Oct 2021
69588;Fri, 12 May 2017
54875;Thu, 07 Jul 2016
63212;Wed, 21 Sep 2016
101559;Thu, 24 Jun 2021
59158;Thu, 02 Jun 2016
62824;Tue, 30 Aug 2016
100249;Wed, 21 Apr 2021
74474;Tue, 15 Aug 2017
35840;Mon, 13 Oct 2014
46464;Mon, 30 Jan 2017
99599;Fri, 05 Mar 2021
68531;Wed, 19 Apr 2017
101542;Tue, 29 Jun 2021
10924;Thu, 01 May 2014
106813;Wed, 29 Sep 2021
100226;Sun, 18 Apr 2021
82731;Tue, 26 Jun 2018
111739;Thu, 17 Mar 2022
79594;Wed, 26 Sep 2018
99921;Mon, 22 Mar 2021
104164;Tue, 24 Aug 2021
98869;Tue, 05 Jan 2021
99814;Thu, 11 Mar 2021
86089;Mon, 08 Oct 2018
109941;Mon, 20 Dec 2021
71178;Mon, 19 Jun 2017
64481;Thu, 10 Nov 2016
95914;Sat, 12 Oct 2019
76997;Fri, 27 Oct 2017
58812;Thu, 26 May 2016
66332;Mon, 17 Jul 2017
106305;Sat, 25 Sep 2021
98424;Mon, 26 Oct 2020
101496;Thu, 08 Jul 2021
65051;Tue, 13 Dec 2016
82179;Thu, 30 Dec 2021
81596;Tue, 05 Jun 2018
63942;Fri, 28 Oct 2016
108135;Wed, 20 Oct 2021
68710;Wed, 19 Apr 2017
86683;Sat, 13 Oct 2018
61883;Sat, 30 Jul 2016
54181;Fri, 04 Sep 2015
43435;Mon, 01 Sep 2014
44338;Mon, 13 Oct 2014
36493;Fri, 20 Feb 2015
41024;Wed, 25 Jun 2014
41748;Tue, 01 Jul 2014
44354;Tue, 14 Oct 2014
52591;Fri, 17 Jul 2015
55238;Mon, 12 Oct 2015
101600;Wed, 04 Aug 2021
55112;Tue, 06 Oct 2015
55492;Fri, 30 Oct 2015
55352;Thu, 15 Oct 2015
35550;Wed, 05 Mar 2014
52686;Thu, 30 Jul 2015
35848;Wed, 16 Apr 2014
55930;Tue, 24 Nov 2015
52048;Fri, 10 Jul 2015
35555;Mon, 19 May 2014
87518;Tue, 20 Nov 2018
55994;Tue, 01 Dec 2015
50352;Thu, 05 Jul 2018
46742;Sat, 28 Mar 2015
97318;Mon, 24 Feb 2020
103771;Mon, 16 Aug 2021
107419;Thu, 07 Oct 2021
92776;Thu, 18 Jul 2019
107635;Wed, 13 Oct 2021
100709;Fri, 04 Jun 2021
99215;Sun, 17 Jan 2021
104531;Thu, 26 Aug 2021
106943;Wed, 06 Oct 2021
100095;Thu, 08 Apr 2021
105811;Mon, 29 Nov 2021
83203;Thu, 04 Oct 2018
95748;Tue, 08 Oct 2019
111041;Wed, 09 Mar 2022
55297;Mon, 18 Nov 2019
99594;Wed, 03 Mar 2021
95479;Fri, 27 Sep 2019
107803;Mon, 08 Nov 2021
101815;Fri, 02 Jul 2021
82918;Tue, 17 Nov 2020
57757;Mon, 25 Apr 2016
23047;Thu, 21 Apr 2016
89148;Thu, 11 Apr 2019
49399;Mon, 01 Jun 2015
86092;Wed, 19 Sep 2018
68351;Tue, 04 Apr 2017
58588;Wed, 25 May 2016
65622;Mon, 16 Jan 2017
111693;Thu, 17 Mar 2022
69318;Thu, 04 May 2017
67213;Mon, 27 Feb 2017
28620;Thu, 29 Jun 2017
45045;Wed, 06 Jul 2016
105345;Mon, 06 Sep 2021
60334;Fri, 24 Jun 2016
59038;Thu, 02 Jun 2016
63302;Wed, 21 Sep 2016
67974;Thu, 23 Mar 2017
73891;Wed, 09 Aug 2017
82444;Sun, 17 Jun 2018
56751;Fri, 15 Apr 2016
55621;Tue, 03 Nov 2015
62219;Wed, 10 Aug 2016
71748;Fri, 23 Jun 2017
71756;Fri, 23 Jun 2017
49478;Fri, 29 May 2015
60712;Thu, 21 Jul 2016
59614;Sun, 19 Jun 2016
56374;Mon, 09 May 2016
74552;Fri, 08 Sep 2017
67732;Tue, 09 May 2017
53226;Fri, 25 Sep 2015
79591;Fri, 06 Apr 2018
71065;Mon, 12 Jun 2017
47323;Mon, 20 Apr 2015
63271;Fri, 16 Sep 2016
51796;Sat, 29 Aug 2015
57627;Mon, 25 Apr 2016
86868;Fri, 12 Oct 2018
79775;Mon, 23 Apr 2018
99638;Sun, 07 Mar 2021
59076;Mon, 30 May 2016
66953;Thu, 19 Apr 2018
55935;Wed, 25 Nov 2015
54459;Thu, 10 Sep 2015
100108;Mon, 12 Apr 2021
55312;Mon, 02 Nov 2015
77731;Fri, 29 Dec 2017
100092;Mon, 12 Apr 2021
101365;Wed, 23 Jun 2021
44093;Sun, 12 Oct 2014
76231;Wed, 28 Mar 2018
107944;Mon, 18 Oct 2021
58480;Tue, 11 Oct 2016
75249;Wed, 13 Sep 2017
69297;Sun, 06 Aug 2017
92036;Mon, 17 Jun 2019
100357;Thu, 29 Apr 2021
70060;Wed, 31 May 2017
51800;Tue, 19 Jun 2018
78841;Tue, 03 Apr 2018
56884;Wed, 09 Mar 2016
71996;Mon, 26 Jun 2017
68217;Fri, 31 Mar 2017
52986;Mon, 17 Aug 2015
63313;Mon, 19 Sep 2016
57906;Thu, 28 Apr 2016
78897;Fri, 16 Mar 2018
100001;Mon, 29 Mar 2021
69561;Tue, 16 May 2017
79862;Tue, 17 Apr 2018
85685;Fri, 31 Aug 2018
71161;Fri, 16 Jun 2017
68496;Sat, 08 Apr 2017
101288;Wed, 16 Jun 2021
66050;Fri, 31 Mar 2017
58485;Wed, 18 May 2016
60234;Wed, 22 Jun 2016
63406;Sun, 02 Oct 2016
82577;Tue, 12 Jun 2018
63898;Tue, 11 Oct 2016
57447;Fri, 22 Apr 2016
59109;Wed, 08 Jun 2016
68942;Sun, 23 Apr 2017
76030;Tue, 03 Oct 2017
52419;Wed, 15 Jul 2015
72455;Wed, 05 Jul 2017
76559;Tue, 10 Oct 2017
107013;Sat, 02 Oct 2021
81863;Thu, 31 May 2018
88690;Tue, 03 Sep 2019
70360;Sat, 29 Sep 2018
48894;Tue, 19 May 2015
52682;Wed, 29 Jul 2015
21677;Wed, 28 Sep 2016
73796;Fri, 08 Jun 2018
58861;Thu, 09 Jun 2016
56904;Thu, 12 May 2016
80718;Sun, 06 May 2018
75754;Thu, 23 Nov 2017
82196;Fri, 08 Jun 2018
92119;Tue, 18 Jun 2019
99630;Fri, 05 Mar 2021
67331;Fri, 10 Mar 2017
64219;Fri, 12 May 2017
62622;Mon, 22 Aug 2016
37867;Wed, 17 Sep 2014
35911;Fri, 16 May 2014
36731;Tue, 23 Sep 2014
48095;Sat, 30 May 2015
33641;Wed, 30 Apr 2014
27863;Tue, 13 Oct 2015
47503;Sat, 18 Apr 2015
51281;Tue, 30 Jun 2015
53474;Tue, 18 Aug 2015
51198;Thu, 18 Jun 2015
50310;Tue, 02 Jun 2015
51927;Thu, 09 Jul 2015
50548;Fri, 05 Jun 2015
41076;Tue, 24 Jun 2014
55132;Wed, 07 Oct 2015
49056;Fri, 29 May 2015
42558;Mon, 14 Sep 2015
52058;Wed, 08 Jul 2015
56157;Wed, 10 Feb 2016
53480;Tue, 18 Aug 2015
86343;Thu, 27 Sep 2018
91884;Wed, 19 Jun 2019
89040;Thu, 21 Mar 2019
99932;Tue, 23 Mar 2021
100200;Fri, 16 Apr 2021
92042;Tue, 18 Jun 2019
98948;Mon, 11 Jan 2021
81326;Sat, 19 May 2018
71944;Wed, 12 Jul 2017
73564;Mon, 24 Jul 2017
108178;Tue, 19 Oct 2021
89080;Tue, 26 Mar 2019
56735;Wed, 13 Apr 2016
62492;Thu, 18 Aug 2016
107351;Thu, 07 Oct 2021
91849;Mon, 17 Jun 2019
109204;Tue, 09 Nov 2021
86787;Thu, 11 Oct 2018
99510;Fri, 05 Mar 2021
61737;Tue, 26 Jul 2016
61366;Fri, 05 Aug 2016
97333;Mon, 09 Aug 2021
68991;Thu, 11 May 2017
99705;Fri, 05 Mar 2021
100693;Wed, 08 Sep 2021
107081;Mon, 04 Oct 2021
83894;Tue, 10 Jul 2018
69304;Mon, 30 Apr 2018
52593;Fri, 17 Jul 2015
52632;Sat, 29 Aug 2015
107510;Fri, 08 Oct 2021
95547;Thu, 10 Oct 2019
95568;Wed, 02 Oct 2019
103787;Fri, 03 Sep 2021
99557;Thu, 13 May 2021
95543;Sun, 06 Oct 2019
107526;Mon, 01 Nov 2021
109119;Wed, 10 Nov 2021
74502;Fri, 15 Jun 2018
111650;Thu, 17 Mar 2022
110669;Tue, 08 Feb 2022
107336;Mon, 18 Oct 2021
111649;Thu, 17 Mar 2022
32600;Tue, 18 Jun 2019
100423;Sat, 29 May 2021
95819;Thu, 10 Oct 2019
109255;Thu, 11 Nov 2021
105320;Fri, 10 Sep 2021
98623;Tue, 29 Dec 2020
99733;Mon, 15 Mar 2021
104470;Sat, 11 Sep 2021
108711;Tue, 02 Nov 2021
106394;Wed, 22 Sep 2021
106344;Tue, 02 Nov 2021
99351;Mon, 01 Mar 2021
100520;Tue, 18 May 2021
101323;Tue, 28 Sep 2021
98613;Tue, 12 Jan 2021
101709;Tue, 06 Jul 2021
95250;Thu, 03 Oct 2019
95898;Thu, 10 Oct 2019
101374;Mon, 21 Jun 2021
100575;Fri, 21 May 2021
98538;Wed, 16 Dec 2020
101375;Sat, 19 Jun 2021
110788;Wed, 23 Feb 2022
98844;Wed, 03 Feb 2021
85717;Mon, 03 Sep 2018
111242;Tue, 22 Mar 2022
111804;Thu, 17 Mar 2022
85585;Mon, 27 Aug 2018
94868;Sat, 10 Jul 2021
98387;Fri, 08 Jan 2021
98576;Fri, 18 Dec 2020
104825;Tue, 31 Aug 2021
103922;Wed, 18 Aug 2021
103361;Sat, 07 Aug 2021
77761;Wed, 06 Jun 2018
81775;Sun, 27 May 2018
98849;Mon, 04 Jan 2021
100678;Fri, 28 May 2021
107390;Thu, 07 Oct 2021
98927;Wed, 06 Jan 2021
70454;Wed, 26 May 2021
98607;Sat, 26 Dec 2020
98805;Mon, 04 Jan 2021
99301;Tue, 19 Jan 2021
88537;Sat, 09 Jan 2021
98722;Thu, 31 Dec 2020
102014;Fri, 23 Jul 2021
18676;Tue, 04 Oct 2016
70492;Thu, 19 Apr 2018
100950;Mon, 12 Jul 2021
100534;Mon, 17 May 2021
89631;Thu, 24 Dec 2020
104645;Tue, 31 Aug 2021
79150;Mon, 26 Mar 2018
99868;Mon, 15 Mar 2021
76530;Fri, 21 Sep 2018
99094;Wed, 03 Feb 2021
102062;Tue, 06 Jul 2021
104267;Mon, 23 Aug 2021
86569;Mon, 08 Oct 2018
101369;Mon, 05 Jul 2021
97168;Mon, 10 Feb 2020
86606;Mon, 15 Oct 2018
96173;Tue, 12 Nov 2019
98845;Thu, 28 Jan 2021
100030;Thu, 08 Apr 2021
89038;Wed, 27 Mar 2019
98102;Tue, 01 Sep 2020
99816;Wed, 10 Mar 2021
99596;Wed, 03 Mar 2021
110677;Wed, 23 Feb 2022
99799;Wed, 10 Mar 2021
109023;Fri, 05 Nov 2021
88859;Thu, 09 May 2019
104276;Sat, 28 Aug 2021
76070;Tue, 03 Oct 2017
101372;Mon, 05 Jul 2021
111275;Thu, 17 Mar 2022
111303;Thu, 17 Mar 2022
106472;Thu, 23 Sep 2021
106720;Wed, 29 Sep 2021
102370;Fri, 23 Jul 2021
111585;Thu, 17 Mar 2022
103392;Fri, 06 Aug 2021
111718;Fri, 18 Mar 2022
82044;Tue, 12 Jun 2018
106910;Fri, 01 Oct 2021
99253;Tue, 19 Jan 2021
98131;Fri, 16 Apr 2021
109965;Tue, 21 Dec 2021
101239;Wed, 16 Jun 2021
101575;Thu, 01 Jul 2021
89916;Thu, 02 May 2019
100145;Wed, 14 Apr 2021
102957;Wed, 28 Jul 2021
100882;Tue, 15 Jun 2021
96133;Mon, 04 Nov 2019
89618;Thu, 18 Apr 2019
88598;Thu, 17 Dec 2020
103936;Wed, 08 Sep 2021
99246;Sun, 17 Jan 2021
94607;Mon, 09 Sep 2019
107463;Thu, 07 Oct 2021
98881;Fri, 19 Feb 2021
106121;Mon, 20 Sep 2021
86960;Sat, 01 Dec 2018
82222;Thu, 07 Jun 2018
106694;Fri, 08 Oct 2021
100971;Thu, 10 Jun 2021
96262;Wed, 30 Oct 2019
102057;Wed, 07 Jul 2021
90700;Fri, 24 May 2019
106987;Mon, 04 Oct 2021
107295;Wed, 06 Oct 2021
100784;Fri, 11 Jun 2021
99617;Wed, 03 Mar 2021
111494;Thu, 17 Mar 2022
100265;Wed, 05 May 2021
75411;Mon, 25 Sep 2017
98645;Sun, 27 Dec 2020
112097;Wed, 23 Mar 2022
105562;Thu, 09 Sep 2021
110005;Fri, 24 Dec 2021
108820;Mon, 01 Nov 2021
111241;Fri, 11 Mar 2022
111227;Mon, 14 Mar 2022
101085;Fri, 27 Aug 2021
98710;Tue, 29 Dec 2020
103706;Sun, 29 Aug 2021
110639;Fri, 04 Feb 2022
106600;Fri, 24 Sep 2021
111246;Wed, 23 Mar 2022
106488;Tue, 28 Sep 2021
100747;Wed, 04 Aug 2021
62970;Fri, 07 May 2021
103095;Thu, 29 Jul 2021
102706;Wed, 21 Jul 2021
102708;Wed, 21 Jul 2021
98989;Fri, 08 Jan 2021
100144;Mon, 23 Aug 2021
109588;Fri, 26 Nov 2021
100204;Mon, 19 Apr 2021
110837;Wed, 23 Feb 2022
107218;Wed, 06 Oct 2021
73598;Thu, 27 Jul 2017
99422;Mon, 01 Mar 2021
100197;Wed, 21 Apr 2021
103978;Fri, 08 Oct 2021
79286;Fri, 06 Apr 2018
99955;Wed, 31 Mar 2021
103098;Thu, 29 Jul 2021
105969;Thu, 16 Sep 2021
106307;Tue, 21 Sep 2021
88860;Mon, 25 Mar 2019
99425;Tue, 09 Mar 2021
26285;Mon, 23 Mar 2015
78042;Wed, 09 May 2018
82915;Sun, 17 Jun 2018
99629;Wed, 03 Mar 2021
100196;Mon, 19 Apr 2021
100297;Mon, 26 Apr 2021
100099;Mon, 12 Apr 2021
103372;Fri, 06 Aug 2021
104840;Thu, 02 Sep 2021
102700;Wed, 28 Jul 2021
105692;Thu, 23 Sep 2021
105879;Thu, 16 Sep 2021
107491;Mon, 01 Nov 2021
92589;Mon, 01 Jul 2019
100387;Tue, 04 May 2021
98024;Tue, 04 Aug 2020
109325;Thu, 18 Nov 2021
109048;Sat, 06 Nov 2021
98776;Tue, 12 Jan 2021
99008;Thu, 14 Jan 2021
99451;Sun, 07 Mar 2021
98566;Sat, 19 Dec 2020
100344;Wed, 28 Apr 2021
107246;Wed, 06 Oct 2021
100432;Mon, 17 May 2021
100799;Wed, 02 Jun 2021
98939;Tue, 05 Jan 2021
98745;Thu, 31 Dec 2020
100944;Mon, 07 Jun 2021
74444;Mon, 14 Aug 2017
101064;Mon, 02 Aug 2021
99130;Tue, 12 Jan 2021
98791;Thu, 31 Dec 2020
99665;Wed, 10 Mar 2021
98796;Fri, 15 Jan 2021
105878;Mon, 27 Sep 2021
106019;Fri, 17 Sep 2021
111796;Thu, 17 Mar 2022
99111;Sun, 17 Jan 2021
98938;Wed, 20 Jan 2021
98708;Mon, 28 Dec 2020
94400;Thu, 08 Aug 2019
99905;Mon, 22 Mar 2021
99584;Fri, 05 Mar 2021
98679;Sat, 26 Dec 2020
110816;Sun, 06 Mar 2022
110606;Wed, 23 Feb 2022
86116;Fri, 23 Jul 2021
98905;Mon, 04 Jan 2021
88599;Mon, 04 Mar 2019
110789;Wed, 23 Feb 2022
102405;Wed, 14 Jul 2021
98551;Fri, 18 Dec 2020
105682;Wed, 01 Dec 2021
99277;Mon, 18 Jan 2021
111633;Tue, 22 Mar 2022
100405;Mon, 10 May 2021
108039;Wed, 01 Dec 2021
90922;Thu, 30 May 2019
98753;Thu, 31 Dec 2020
97570;Mon, 14 Jun 2021
99471;Fri, 19 Feb 2021
108285;Fri, 22 Oct 2021
99717;Fri, 05 Mar 2021
99312;Mon, 25 Jan 2021
99274;Mon, 25 Jan 2021
104307;Mon, 23 Aug 2021
99498;Fri, 19 Feb 2021
76028;Wed, 04 Oct 2017
99611;Wed, 03 Mar 2021
100164;Wed, 14 Apr 2021
76412;Tue, 09 Oct 2018
107541;Fri, 08 Oct 2021
58990;Thu, 04 Aug 2016
107167;Wed, 06 Oct 2021
107355;Thu, 07 Oct 2021
100222;Tue, 27 Apr 2021
100410;Mon, 10 May 2021
98218;Tue, 27 Apr 2021
112291;Mon, 28 Mar 2022
100154;Thu, 13 May 2021
100331;Tue, 27 Apr 2021
99350;Tue, 02 Mar 2021
103960;Sat, 21 Aug 2021
99595;Wed, 10 Mar 2021
102276;Fri, 16 Jul 2021
103655;Thu, 12 Aug 2021
98735;Thu, 31 Dec 2020
97587;Tue, 03 Mar 2020
110786;Sun, 06 Mar 2022
107883;Mon, 18 Oct 2021
107317;Thu, 07 Oct 2021
100398;Thu, 17 Jun 2021
95298;Thu, 03 Oct 2019
95136;Wed, 25 Sep 2019
99068;Mon, 18 Jan 2021
98816;Mon, 04 Jan 2021
100659;Wed, 28 Jul 2021
101236;Tue, 22 Jun 2021
109145;Wed, 10 Nov 2021
111507;Wed, 23 Mar 2022
100443;Fri, 21 May 2021
107217;Wed, 06 Oct 2021
106617;Thu, 23 Sep 2021
103499;Mon, 09 Aug 2021
98897;Wed, 03 Mar 2021
107350;Thu, 07 Oct 2021
98799;Thu, 31 Dec 2020
101631;Sat, 03 Jul 2021
101395;Tue, 22 Jun 2021
107148;Tue, 05 Oct 2021
107357;Thu, 07 Oct 2021
98504;Fri, 04 Dec 2020
100383;Sun, 02 May 2021
106218;Mon, 20 Sep 2021
104081;Wed, 22 Sep 2021
70564;Sat, 05 Aug 2017
104464;Thu, 26 Aug 2021
101586;Wed, 30 Jun 2021
100958;Wed, 14 Jul 2021
102173;Wed, 07 Jul 2021
105955;Tue, 21 Sep 2021
89910;Sun, 19 May 2019
99621;Wed, 03 Mar 2021
101924;Mon, 05 Jul 2021
111741;Tue, 22 Mar 2022
4002;Mon, 24 Feb 2014
102043;Tue, 06 Jul 2021
101966;Wed, 07 Jul 2021
101550;Mon, 28 Jun 2021
102190;Sun, 25 Jul 2021
102555;Thu, 15 Jul 2021
99108;Mon, 11 Jan 2021
111066;Sun, 06 Mar 2022
98929;Sun, 10 Jan 2021
103275;Wed, 04 Aug 2021
105552;Thu, 09 Sep 2021
102639;Thu, 22 Jul 2021
106334;Wed, 06 Oct 2021
100680;Tue, 01 Jun 2021
87449;Sat, 01 Jun 2019
99959;Fri, 21 May 2021
111272;Fri, 11 Mar 2022
84291;Mon, 16 Jul 2018
102082;Mon, 30 Aug 2021
101442;Wed, 25 Aug 2021
107305;Thu, 07 Oct 2021
106793;Wed, 29 Sep 2021
102113;Thu, 08 Jul 2021
100549;Fri, 21 May 2021
98643;Thu, 24 Dec 2020
111123;Wed, 09 Mar 2022
90186;Mon, 03 Jun 2019
100211;Mon, 19 Apr 2021
107535;Fri, 08 Oct 2021
87550;Fri, 24 May 2019
103208;Mon, 23 Aug 2021
100115;Tue, 13 Apr 2021
109008;Fri, 05 Nov 2021
81669;Thu, 24 May 2018
101793;Sat, 03 Jul 2021
105937;Thu, 16 Sep 2021
86475;Sat, 06 Oct 2018
103469;Thu, 12 Aug 2021
111221;Fri, 11 Mar 2022
107505;Fri, 08 Oct 2021
100054;Tue, 06 Apr 2021
101582;Thu, 24 Jun 2021
105491;Wed, 08 Sep 2021
104858;Fri, 08 Oct 2021
111092;Sun, 06 Mar 2022
106938;Fri, 01 Oct 2021
99894;Thu, 29 Jul 2021
105752;Thu, 04 Nov 2021
106973;Sat, 02 Oct 2021
103421;Wed, 25 Aug 2021
98792;Fri, 05 Mar 2021
101634;Tue, 06 Jul 2021
111597;Thu, 17 Mar 2022
105939;Thu, 16 Sep 2021
73164;Thu, 07 Jun 2018
105771;Wed, 15 Sep 2021
109115;Sat, 06 Nov 2021
108844;Mon, 01 Nov 2021
98416;Fri, 18 Jun 2021
100959;Wed, 30 Jun 2021
107062;Mon, 04 Oct 2021
66974;Fri, 14 May 2021
107356;Thu, 07 Oct 2021
106005;Sat, 18 Sep 2021
112363;Mon, 28 Mar 2022
99343;Thu, 28 Jan 2021
100216;Wed, 28 Apr 2021
102213;Wed, 14 Jul 2021
98315;Sun, 30 May 2021
95839;Fri, 11 Oct 2019
60656;Tue, 20 Jun 2017
102584;Mon, 16 Aug 2021
106812;Thu, 30 Sep 2021
108710;Wed, 03 Nov 2021
104115;Sun, 29 Aug 2021
89600;Thu, 18 Apr 2019
102482;Wed, 21 Jul 2021
105808;Wed, 15 Sep 2021
108958;Wed, 03 Nov 2021
110796;Sun, 06 Mar 2022
108632;Thu, 13 Jan 2022
101034;Thu, 10 Jun 2021
103610;Thu, 26 Aug 2021
102175;Thu, 22 Jul 2021
106594;Fri, 24 Sep 2021
99928;Tue, 23 Mar 2021
100843;Sun, 06 Jun 2021
107672;Thu, 14 Oct 2021
108963;Wed, 03 Nov 2021
100014;Thu, 22 Jul 2021
105437;Sat, 18 Sep 2021
103482;Wed, 18 Aug 2021
97768;Wed, 18 Mar 2020
102397;Sat, 28 Aug 2021
106976;Tue, 05 Oct 2021
103391;Fri, 06 Aug 2021
107416;Thu, 07 Oct 2021
107228;Thu, 07 Oct 2021
108438;Tue, 26 Oct 2021
102971;Fri, 30 Jul 2021
99600;Tue, 02 Mar 2021
105455;Tue, 07 Sep 2021
101487;Mon, 21 Jun 2021
100777;Thu, 03 Jun 2021
107256;Wed, 06 Oct 2021
101404;Fri, 02 Jul 2021
100753;Wed, 02 Jun 2021
106155;Sun, 19 Sep 2021
87712;Mon, 10 Dec 2018
101961;Wed, 07 Jul 2021
104419;Fri, 27 Aug 2021
100412;Fri, 07 May 2021
104359;Wed, 25 Aug 2021
67854;Tue, 19 Jan 2021
110820;Sun, 06 Mar 2022
62391;Thu, 05 Oct 2017
103405;Sat, 21 Aug 2021
107429;Thu, 14 Oct 2021
80096;Tue, 24 Aug 2021
104604;Tue, 31 Aug 2021
89874;Sat, 04 May 2019
107538;Sat, 09 Oct 2021
65812;Tue, 20 Jun 2017
98755;Mon, 01 Feb 2021
111376;Thu, 17 Mar 2022
90831;Wed, 15 Jan 2020
98910;Thu, 26 Aug 2021
100435;Tue, 29 Jun 2021
107328;Fri, 08 Oct 2021
101332;Tue, 20 Jul 2021
101670;Wed, 30 Jun 2021
100195;Sat, 17 Apr 2021
99260;Mon, 25 Jan 2021
104395;Wed, 25 Aug 2021
95054;Fri, 20 Sep 2019
106380;Fri, 24 Sep 2021
100203;Fri, 16 Apr 2021
69958;Thu, 19 Apr 2018
101788;Wed, 07 Jul 2021
109914;Mon, 07 Feb 2022
90876;Tue, 11 Jun 2019
95657;Mon, 07 Oct 2019
107450;Mon, 18 Oct 2021
103976;Fri, 20 Aug 2021
100234;Wed, 21 Apr 2021
111424;Sat, 12 Mar 2022
102736;Fri, 03 Dec 2021
101622;Mon, 28 Jun 2021
107190;Wed, 06 Oct 2021
102143;Fri, 09 Jul 2021
110690;Wed, 09 Feb 2022
105885;Sun, 19 Sep 2021
109701;Mon, 06 Dec 2021
101276;Tue, 15 Jun 2021
106776;Wed, 29 Sep 2021
110715;Sat, 12 Feb 2022
104722;Wed, 01 Sep 2021
104046;Thu, 02 Sep 2021
104800;Wed, 01 Sep 2021
79917;Fri, 13 Apr 2018
94576;Tue, 03 Dec 2019
109632;Thu, 02 Dec 2021
105909;Thu, 16 Sep 2021
108037;Thu, 21 Oct 2021
98700;Wed, 05 May 2021
106752;Sat, 09 Oct 2021
78155;Thu, 10 May 2018
108900;Fri, 05 Nov 2021
88417;Thu, 17 Mar 2022
104757;Fri, 01 Oct 2021
98940;Fri, 08 Jan 2021
95313;Mon, 23 Sep 2019
81540;Wed, 28 Jul 2021
110844;Fri, 04 Mar 2022
106175;Tue, 21 Sep 2021
95299;Wed, 18 Sep 2019
99825;Mon, 22 Mar 2021
111017;Fri, 25 Mar 2022
100338;Wed, 28 Apr 2021
103870;Tue, 31 Aug 2021
103897;Thu, 19 Aug 2021
104290;Tue, 24 Aug 2021
107010;Mon, 04 Oct 2021
109031;Sat, 13 Nov 2021
87029;Fri, 22 Mar 2019
107536;Sat, 09 Oct 2021
104520;Mon, 30 Aug 2021
108288;Wed, 27 Oct 2021
97392;Fri, 28 Feb 2020
107025;Tue, 05 Oct 2021
98806;Fri, 01 Jan 2021
104538;Mon, 06 Sep 2021
105705;Mon, 13 Sep 2021
100264;Thu, 22 Apr 2021
105870;Sat, 18 Sep 2021
105986;Sun, 19 Sep 2021
106471;Thu, 23 Sep 2021
105642;Fri, 10 Sep 2021
105321;Fri, 10 Sep 2021
105355;Sat, 11 Sep 2021
100970;Fri, 11 Jun 2021
78243;Mon, 19 Feb 2018
108387;Thu, 28 Oct 2021
101074;Wed, 16 Jun 2021
107508;Tue, 02 Nov 2021
106347;Wed, 22 Sep 2021
86098;Thu, 20 Sep 2018
98022;Tue, 04 Aug 2020
106324;Thu, 23 Sep 2021
104584;Mon, 30 Aug 2021
106644;Fri, 24 Sep 2021
68878;Fri, 26 May 2017
103375;Thu, 05 Aug 2021
101786;Thu, 08 Jul 2021
105025;Fri, 17 Sep 2021
109631;Mon, 29 Nov 2021
102420;Thu, 22 Jul 2021
105866;Wed, 15 Sep 2021
99387;Mon, 01 Feb 2021
105931;Fri, 08 Oct 2021
110993;Sun, 06 Mar 2022
100004;Thu, 01 Apr 2021
105669;Mon, 04 Oct 2021
110992;Sun, 06 Mar 2022
101515;Fri, 02 Jul 2021
95467;Sun, 27 Dec 2020
66971;Wed, 28 Aug 2019
107543;Fri, 08 Oct 2021
100698;Tue, 01 Jun 2021
95993;Tue, 22 Oct 2019
108766;Sat, 30 Oct 2021
101127;Tue, 15 Jun 2021
107376;Thu, 21 Oct 2021
109361;Sat, 13 Nov 2021
100867;Fri, 25 Jun 2021
103033;Sat, 31 Jul 2021
79256;Fri, 13 Apr 2018
106412;Wed, 22 Sep 2021
104862;Fri, 03 Sep 2021
106623;Fri, 24 Sep 2021
107511;Fri, 08 Oct 2021
107181;Tue, 05 Oct 2021
109956;Mon, 17 Jan 2022
98005;Sun, 26 Sep 2021
107724;Thu, 04 Nov 2021
76692;Tue, 18 Sep 2018
98916;Fri, 01 Oct 2021
106622;Wed, 29 Sep 2021
106329;Thu, 23 Sep 2021
106692;Tue, 05 Oct 2021
101250;Thu, 24 Jun 2021
105800;Wed, 15 Sep 2021
105727;Fri, 24 Sep 2021
107215;Wed, 06 Oct 2021
107225;Wed, 06 Oct 2021
106252;Mon, 20 Sep 2021
81291;Tue, 24 Aug 2021
98565;Fri, 17 Sep 2021
110959;Thu, 17 Mar 2022
109904;Wed, 15 Dec 2021
107880;Fri, 05 Nov 2021
105723;Thu, 07 Oct 2021
106969;Mon, 04 Oct 2021
92415;Mon, 24 Jun 2019
67226;Wed, 22 Mar 2017
106896;Fri, 01 Oct 2021
108246;Fri, 22 Oct 2021
102157;Fri, 06 Aug 2021
106904;Fri, 01 Oct 2021
79588;Mon, 21 May 2018
110017;Fri, 25 Mar 2022
107072;Tue, 05 Oct 2021
95932;Sun, 13 Oct 2019
98149;Thu, 27 Aug 2020
82466;Fri, 22 Jun 2018
92478;Wed, 28 Jul 2021
106828;Tue, 05 Oct 2021
107748;Thu, 14 Oct 2021
105547;Sat, 11 Sep 2021
108865;Mon, 15 Nov 2021
106257;Mon, 20 Sep 2021
104453;Fri, 10 Sep 2021
96152;Wed, 23 Oct 2019
110514;Tue, 25 Jan 2022
107486;Thu, 07 Oct 2021
106384;Sun, 26 Sep 2021
107291;Thu, 07 Oct 2021
107587;Mon, 11 Oct 2021
107503;Fri, 08 Oct 2021
104544;Sat, 28 Aug 2021
107509;Sat, 09 Oct 2021
104239;Fri, 27 Aug 2021
104734;Tue, 31 Aug 2021
109146;Tue, 09 Nov 2021
69484;Fri, 12 May 2017
83448;Tue, 03 Jul 2018
99602;Wed, 03 Mar 2021
107537;Sat, 09 Oct 2021
100454;Tue, 08 Jun 2021
107504;Sat, 09 Oct 2021
111419;Thu, 17 Mar 2022
101653;Wed, 13 Oct 2021
85959;Fri, 01 Oct 2021
107097;Mon, 04 Oct 2021
107632;Wed, 20 Oct 2021
103720;Thu, 30 Sep 2021
33944;Thu, 16 Mar 2017
108437;Wed, 03 Nov 2021
107230;Wed, 06 Oct 2021
104381;Thu, 26 Aug 2021
107453;Thu, 07 Oct 2021
98830;Sat, 02 Jan 2021
107567;Mon, 11 Oct 2021
85963;Wed, 26 Sep 2018
107658;Mon, 25 Oct 2021
91723;Wed, 19 Jun 2019
57560;Thu, 14 Apr 2016
107198;Wed, 06 Oct 2021
104883;Thu, 02 Sep 2021
82443;Sun, 17 Jun 2018
99962;Tue, 23 Mar 2021
100498;Sat, 15 May 2021
104409;Tue, 31 Aug 2021
107033;Tue, 05 Oct 2021
108795;Sat, 30 Oct 2021
101857;Thu, 08 Jul 2021
112248;Fri, 25 Mar 2022
107692;Mon, 11 Oct 2021
103988;Wed, 22 Sep 2021
106823;Fri, 08 Oct 2021
111114;Wed, 09 Mar 2022
100640;Fri, 28 May 2021
105329;Sat, 04 Sep 2021
107561;Fri, 08 Oct 2021
98053;Fri, 18 Sep 2020
27871;Tue, 24 Apr 2018
106838;Thu, 07 Oct 2021
105056;Thu, 02 Sep 2021
100682;Fri, 28 May 2021
100276;Thu, 22 Apr 2021
101296;Thu, 17 Jun 2021
101306;Wed, 16 Jun 2021
103292;Tue, 03 Aug 2021
102599;Wed, 01 Sep 2021
105989;Thu, 16 Sep 2021
105330;Mon, 06 Sep 2021
104512;Thu, 26 Aug 2021
102493;Fri, 23 Jul 2021
105626;Mon, 20 Sep 2021
105980;Thu, 16 Sep 2021
107076;Thu, 21 Oct 2021
106397;Sat, 25 Sep 2021
105336;Tue, 07 Sep 2021
110400;Mon, 07 Feb 2022
107552;Fri, 08 Oct 2021
105877;Wed, 15 Sep 2021
105613;Tue, 14 Sep 2021
109905;Tue, 14 Dec 2021
100156;Wed, 28 Jul 2021
111684;Thu, 17 Mar 2022
110881;Sun, 06 Mar 2022
76107;Thu, 05 Oct 2017
101297;Tue, 03 Aug 2021
106309;Fri, 24 Sep 2021
101277;Tue, 15 Jun 2021
105398;Sat, 11 Sep 2021
108642;Mon, 01 Nov 2021
104792;Tue, 31 Aug 2021
104926;Tue, 07 Sep 2021
94768;Wed, 04 Sep 2019
95798;Wed, 09 Oct 2019
98930;Fri, 02 Jul 2021
100362;Tue, 04 May 2021
102949;Tue, 27 Jul 2021
108523;Thu, 28 Oct 2021
29807;Tue, 22 Dec 2020
98573;Fri, 18 Dec 2020
76808;Tue, 17 Oct 2017
97573;Thu, 05 Mar 2020
98570;Wed, 23 Dec 2020
98622;Tue, 22 Dec 2020
58162;Wed, 25 May 2016
110348;Thu, 03 Feb 2022
97040;Fri, 07 Feb 2020
103441;Thu, 02 Sep 2021
98686;Thu, 31 Dec 2020
111412;Sat, 12 Mar 2022
99063;Fri, 08 Jan 2021
98638;Tue, 29 Dec 2020
100345;Wed, 28 Apr 2021
109090;Wed, 10 Nov 2021
107241;Wed, 06 Oct 2021
87362;Fri, 09 Nov 2018
108507;Wed, 27 Oct 2021
111329;Sat, 12 Mar 2022
108501;Wed, 27 Oct 2021
108579;Fri, 19 Nov 2021
106718;Wed, 29 Sep 2021
108555;Wed, 03 Nov 2021
100486;Tue, 10 Aug 2021
109978;Thu, 30 Dec 2021
108205;Wed, 03 Nov 2021
59806;Fri, 01 Oct 2021
111536;Thu, 17 Mar 2022
90714;Sat, 25 May 2019
106968;Wed, 06 Oct 2021
108982;Thu, 04 Nov 2021
103497;Sat, 14 Aug 2021
67351;Fri, 24 Mar 2017
109569;Mon, 22 Nov 2021
103306;Tue, 24 Aug 2021
105140;Thu, 02 Sep 2021
100948;Tue, 08 Jun 2021
93491;Thu, 25 Jul 2019
108997;Sat, 06 Nov 2021
92509;Tue, 30 Jul 2019
60675;Fri, 01 Jul 2016
107711;Mon, 01 Nov 2021
107287;Wed, 06 Oct 2021
104530;Fri, 10 Sep 2021
110644;Mon, 28 Feb 2022
108741;Wed, 03 Nov 2021
109176;Tue, 09 Nov 2021
109714;Sun, 05 Dec 2021
100373;Fri, 30 Apr 2021
110818;Sun, 06 Mar 2022
106289;Tue, 21 Sep 2021
98896;Tue, 05 Jan 2021
106839;Tue, 05 Oct 2021
107743;Tue, 02 Nov 2021
105668;Tue, 14 Sep 2021
108277;Wed, 20 Oct 2021
112055;Tue, 22 Mar 2022
111068;Sun, 06 Mar 2022
76911;Fri, 27 Oct 2017
103054;Wed, 28 Jul 2021
106674;Fri, 24 Sep 2021
109320;Fri, 12 Nov 2021
105622;Fri, 10 Sep 2021
78116;Tue, 21 Sep 2021
102630;Mon, 19 Jul 2021
111064;Sun, 06 Mar 2022
108486;Tue, 26 Oct 2021
99464;Mon, 15 Feb 2021
111069;Sun, 06 Mar 2022
107755;Wed, 13 Oct 2021
100187;Tue, 20 Apr 2021
105869;Wed, 15 Sep 2021
111046;Wed, 09 Mar 2022
102490;Tue, 27 Jul 2021
112052;Tue, 22 Mar 2022
111714;Thu, 17 Mar 2022
105427;Thu, 11 Nov 2021
111692;Thu, 17 Mar 2022
109402;Mon, 15 Nov 2021
105588;Fri, 10 Sep 2021
108060;Tue, 02 Nov 2021
111953;Tue, 22 Mar 2022
81487;Wed, 13 Jun 2018
102356;Tue, 20 Jul 2021
109578;Tue, 21 Dec 2021
106190;Thu, 23 Sep 2021
101253;Tue, 22 Jun 2021
110804;Sun, 06 Mar 2022
109283;Tue, 23 Nov 2021
109816;Wed, 08 Dec 2021
109203;Thu, 18 Nov 2021
112254;Mon, 28 Mar 2022
81206;Wed, 23 May 2018
107068;Mon, 04 Oct 2021
109663;Tue, 30 Nov 2021
105812;Fri, 24 Sep 2021
106830;Tue, 05 Oct 2021
110255;Mon, 17 Jan 2022
108054;Mon, 15 Nov 2021
106179;Fri, 24 Sep 2021
109147;Mon, 15 Nov 2021
109777;Mon, 06 Dec 2021
100863;Sat, 05 Jun 2021
107299;Fri, 08 Oct 2021
109986;Wed, 22 Dec 2021
111075;Sun, 06 Mar 2022
108415;Wed, 27 Oct 2021
109887;Tue, 14 Dec 2021
107943;Mon, 18 Oct 2021
99938;Thu, 08 Apr 2021
89512;Thu, 02 May 2019
100539;Tue, 24 Aug 2021
103872;Thu, 19 Aug 2021
101071;Thu, 23 Sep 2021
79817;Wed, 11 Apr 2018
110687;Sat, 19 Feb 2022
102413;Fri, 06 Aug 2021
102050;Thu, 08 Jul 2021
105241;Fri, 03 Sep 2021
85965;Mon, 08 Oct 2018
79749;Tue, 01 May 2018
106071;Fri, 24 Sep 2021
103930;Wed, 01 Sep 2021
108743;Wed, 10 Nov 2021
104277;Thu, 26 Aug 2021
104314;Sun, 26 Sep 2021
107149;Tue, 05 Oct 2021
107126;Wed, 06 Oct 2021
109661;Thu, 02 Dec 2021
107261;Wed, 06 Oct 2021
105833;Wed, 15 Sep 2021
102229;Thu, 22 Jul 2021
76248;Fri, 26 Nov 2021
103826;Wed, 18 Aug 2021
104762;Tue, 31 Aug 2021
106291;Tue, 21 Sep 2021
107055;Tue, 05 Oct 2021
107404;Fri, 08 Oct 2021
109141;Sat, 13 Nov 2021
102188;Wed, 14 Jul 2021
108509;Wed, 27 Oct 2021
110346;Thu, 20 Jan 2022
107276;Fri, 08 Oct 2021
99788;Mon, 08 Mar 2021
106379;Mon, 08 Nov 2021
107251;Wed, 06 Oct 2021
106951;Thu, 24 Feb 2022
110519;Tue, 08 Feb 2022
107035;Tue, 05 Oct 2021
110234;Tue, 11 Jan 2022
107354;Thu, 07 Oct 2021
91654;Mon, 10 Jun 2019
98032;Tue, 04 Aug 2020
106862;Wed, 06 Oct 2021
109595;Tue, 14 Dec 2021
104303;Wed, 25 Aug 2021
111279;Sat, 12 Mar 2022
111683;Thu, 17 Mar 2022
99989;Mon, 29 Mar 2021
108981;Mon, 06 Dec 2021
108443;Wed, 27 Oct 2021
111403;Sat, 12 Mar 2022
109594;Wed, 15 Dec 2021
110015;Mon, 27 Dec 2021
100328;Tue, 27 Apr 2021
105576;Fri, 10 Sep 2021
106619;Sat, 25 Sep 2021
110800;Mon, 21 Feb 2022
104342;Thu, 26 Aug 2021
110664;Tue, 08 Feb 2022
109028;Fri, 12 Nov 2021
111127;Wed, 09 Mar 2022
105523;Fri, 01 Oct 2021
98657;Thu, 24 Dec 2020
104023;Mon, 30 Aug 2021
102832;Thu, 22 Jul 2021
110337;Wed, 09 Mar 2022
111950;Tue, 22 Mar 2022
111986;Tue, 22 Mar 2022
63354;Fri, 18 Nov 2016
108043;Mon, 18 Oct 2021
98810;Fri, 01 Jan 2021
110998;Sun, 06 Mar 2022
107170;Wed, 06 Oct 2021
107812;Fri, 26 Nov 2021
100789;Tue, 01 Jun 2021
107737;Wed, 20 Oct 2021
110808;Mon, 28 Feb 2022
106897;Fri, 08 Oct 2021
109685;Fri, 03 Dec 2021
107579;Wed, 29 Dec 2021
110057;Wed, 29 Dec 2021
87703;Wed, 20 Feb 2019
98621;Wed, 23 Dec 2020
104548;Fri, 27 Aug 2021
107098;Tue, 05 Oct 2021
111523;Tue, 22 Mar 2022
78480;Mon, 26 Mar 2018
99021;Fri, 08 Jan 2021
107283;Wed, 06 Oct 2021
111465;Thu, 17 Mar 2022
109576;Fri, 26 Nov 2021
111171;Fri, 11 Mar 2022
106232;Wed, 13 Oct 2021
110785;Fri, 18 Feb 2022
107345;Thu, 07 Oct 2021
106607;Tue, 05 Oct 2021
101428;Mon, 15 Nov 2021
112043;Tue, 22 Mar 2022
109427;Wed, 29 Dec 2021
104674;Mon, 30 Aug 2021
100610;Wed, 26 May 2021
110843;Sun, 06 Mar 2022
110262;Thu, 03 Feb 2022
109499;Mon, 22 Nov 2021
98811;Fri, 08 Jan 2021
111289;Sat, 12 Mar 2022
110446;Fri, 21 Jan 2022
110907;Sun, 06 Mar 2022
106733;Sat, 02 Oct 2021
105000;Thu, 02 Sep 2021
100998;Mon, 14 Jun 2021
104012;Tue, 24 Aug 2021
102018;Tue, 20 Jul 2021
99927;Mon, 22 Mar 2021
105923;Fri, 17 Sep 2021
98694;Tue, 05 Jan 2021
109156;Thu, 20 Jan 2022
111715;Mon, 21 Mar 2022
110105;Fri, 31 Dec 2021
106065;Mon, 20 Sep 2021
110009;Mon, 27 Dec 2021
111245;Sat, 12 Mar 2022
110130;Sun, 02 Jan 2022
105713;Fri, 17 Sep 2021
109854;Wed, 15 Dec 2021
69397;Mon, 14 Jun 2021
110008;Wed, 29 Dec 2021
106637;Tue, 28 Dec 2021
107414;Fri, 08 Oct 2021
99967;Tue, 20 Apr 2021
81245;Thu, 24 May 2018
109041;Thu, 04 Nov 2021
93218;Wed, 10 Jul 2019
105331;Mon, 20 Sep 2021
106421;Mon, 04 Oct 2021
107412;Thu, 07 Oct 2021
102563;Fri, 23 Jul 2021
107779;Tue, 02 Nov 2021
98673;Thu, 31 Dec 2020
104882;Wed, 01 Sep 2021
100370;Sat, 23 Oct 2021
65892;Wed, 08 Mar 2017
100017;Thu, 01 Apr 2021
106803;Mon, 18 Oct 2021
104841;Tue, 31 Aug 2021
97637;Wed, 04 Mar 2020
106327;Thu, 23 Sep 2021
105738;Wed, 03 Nov 2021
81780;Tue, 31 Aug 2021
99520;Fri, 05 Mar 2021
98288;Fri, 18 Sep 2020
110054;Wed, 29 Dec 2021
105359;Thu, 23 Sep 2021
112070;Mon, 28 Mar 2022
110807;Sun, 06 Mar 2022
107482;Thu, 07 Oct 2021
102634;Tue, 24 Aug 2021
99925;Mon, 22 Mar 2021
103422;Mon, 04 Oct 2021
85343;Wed, 15 Aug 2018
99486;Fri, 05 Mar 2021
98582;Wed, 23 Dec 2020
100238;Fri, 13 Aug 2021
101749;Mon, 28 Mar 2022
98268;Tue, 07 Sep 2021
102258;Wed, 28 Jul 2021
86502;Tue, 19 Jan 2021
109923;Wed, 22 Dec 2021
110759;Wed, 16 Feb 2022
104364;Mon, 30 Aug 2021
48874;Thu, 03 Nov 2016
105350;Mon, 13 Sep 2021
99282;Tue, 19 Jan 2021
110502;Sun, 06 Mar 2022
107454;Thu, 07 Oct 2021
98634;Tue, 12 Jan 2021
98864;Fri, 08 Jan 2021
63758;Mon, 06 Mar 2017
102994;Tue, 10 Aug 2021
110723;Sat, 12 Feb 2022
59428;Tue, 07 Jun 2016
101741;Tue, 27 Jul 2021
101712;Fri, 02 Jul 2021
111564;Fri, 18 Mar 2022
110577;Mon, 07 Feb 2022
110678;Mon, 14 Feb 2022
96093;Wed, 04 Mar 2020
110736;Mon, 14 Feb 2022
111226;Fri, 25 Mar 2022
110902;Sun, 06 Mar 2022
108036;Thu, 21 Oct 2021
110768;Sun, 06 Mar 2022
98642;Thu, 24 Dec 2020
108834;Mon, 03 Jan 2022
111035;Sun, 06 Mar 2022
111032;Sun, 06 Mar 2022
76339;Tue, 27 Mar 2018
110903;Sun, 06 Mar 2022
110784;Sun, 06 Mar 2022
81808;Tue, 05 Jun 2018
106800;Fri, 01 Oct 2021
111770;Fri, 25 Mar 2022
107002;Mon, 04 Oct 2021
111777;Mon, 28 Mar 2022
101779;Tue, 06 Jul 2021
109651;Wed, 12 Jan 2022
111699;Mon, 21 Mar 2022
97541;Tue, 22 Jun 2021
70839;Thu, 08 Jun 2017
75061;Fri, 22 Oct 2021
108549;Sat, 30 Oct 2021
104401;Sat, 28 Aug 2021
105651;Tue, 14 Sep 2021
111504;Thu, 17 Mar 2022
111188;Thu, 17 Mar 2022
100756;Wed, 02 Jun 2021
86775;Thu, 11 Oct 2018
109123;Fri, 12 Nov 2021
103367;Fri, 06 Aug 2021
110799;Wed, 09 Mar 2022
111655;Thu, 17 Mar 2022
96933;Wed, 15 Jan 2020
111606;Mon, 21 Mar 2022
111599;Thu, 17 Mar 2022
108471;Mon, 25 Oct 2021
99522;Fri, 26 Feb 2021
80731;Mon, 20 Sep 2021
111571;Mon, 28 Mar 2022
104541;Sat, 04 Sep 2021
103406;Sun, 26 Sep 2021
101563;Sat, 03 Jul 2021
103524;Tue, 10 Aug 2021
111607;Mon, 28 Mar 2022
103366;Fri, 06 Aug 2021
107099;Wed, 06 Oct 2021
69211;Sat, 27 May 2017
94701;Tue, 20 Aug 2019
110932;Sun, 06 Mar 2022
100918;Mon, 16 Aug 2021
111793;Tue, 22 Mar 2022
89769;Tue, 22 Mar 2022
111740;Mon, 21 Mar 2022
107529;Mon, 18 Oct 2021
111366;Fri, 11 Mar 2022
107186;Tue, 22 Mar 2022
63879;Tue, 11 Oct 2016
112015;Wed, 23 Mar 2022
111456;Wed, 23 Mar 2022
99056;Fri, 08 Jan 2021
111728;Thu, 17 Mar 2022
23044;Wed, 23 Jun 2021
109148;Wed, 10 Nov 2021
100609;Mon, 24 May 2021
102663;Fri, 06 Aug 2021
82704;Mon, 10 Sep 2018
105872;Thu, 16 Sep 2021
112163;Mon, 28 Mar 2022
101213;Wed, 16 Jun 2021
103471;Thu, 18 Nov 2021
108990;Fri, 05 Nov 2021
100208;Sat, 17 Apr 2021
108749;Thu, 04 Nov 2021
96945;Mon, 27 Jan 2020
102109;Thu, 08 Jul 2021
89387;Wed, 17 Apr 2019
103491;Mon, 09 Aug 2021
95772;Thu, 10 Oct 2019